"","LAT","LONG"
"1",39.239411,-76.651589
"2",39.352745,-76.474345
"3",39.258738,-76.517262
"4",39.407071,-76.526071
"5",39.335708,-76.510008
"6",39.266046,-76.703746
"7",39.377646,-76.511546
"8",39.328727,-76.764827
"9",39.38349,-76.58221
"10",39.342805,-76.499795
"11",39.405331,-76.597231
"12",39.244451,-76.517549
"13",39.378908,-76.670208
"14",39.279005,-76.525805
"15",39.341779,-76.747621
"16",39.342454,-76.749054
"17",39.413132,-76.771532
"18",39.392883,-76.590617
"19",39.373403,-76.470303
"20",39.320086,-76.432286
"21",39.24946,-76.67306
"22",39.283434,-76.762834
"23",39.348345,-76.479645
"24",39.373125,-76.471975
"25",39.373133,-76.470033
"26",39.228764,-76.432736
"27",39.30218,-76.44928
"28",39.321145,-76.679645
"29",39.299463,-76.677837
"30",39.330196,-76.615996
"31",39.330328,-76.542928
"32",39.342837,-76.681763
"33",39.282443,-76.583357
"34",39.263928,-76.654128
"35",39.293908,-76.616508
"36",39.333474,-76.536426
"37",39.350906,-76.609294
"38",39.330168,-76.529232
"39",39.308305,-76.616495
"40",39.307207,-76.630007
"41",39.340061,-76.531939
"42",39.308081,-76.599419
"43",39.31817,-76.65077
"44",39.359487,-76.699113
"45",39.268917,-76.647317
"46",39.313814,-76.666286
"47",39.297361,-76.660539
"48",39.298679,-76.573721
"49",39.345495,-76.688395
"50",39.356026,-76.704674
"51",39.313065,-76.619965
"52",39.285572,-76.592128
"53",39.348471,-76.547529
"54",39.276069,-76.605969
"55",39.326855,-76.603145
"56",39.270048,-76.540552
"57",39.247831,-76.640631
"58",39.339214,-76.603886
"59",39.282458,-76.674958
"60",39.295086,-76.580986
"61",39.306886,-76.595114
"62",39.262163,-76.672363
"63",39.295486,-76.581386
"64",39.338448,-76.661152
"65",39.278248,-76.606252
"66",39.28835,-76.64935
"67",39.284852,-76.644652
"68",39.28512,-76.62568
"69",39.319604,-76.563504
"70",39.353175,-76.698075
"71",39.313336,-76.638764
"72",39.313325,-76.608525
"73",39.284631,-76.583369
"74",39.327802,-76.593102
"75",39.283397,-76.681197
"76",39.311847,-76.613347
"77",39.36442,-76.61342
"78",39.284593,-76.594307
"79",39.2785,-76.6114
"80",39.294941,-76.563541
"81",39.354406,-76.679594
"82",39.359462,-76.681038
"83",39.283375,-76.615325
"84",39.293698,-76.576702
"85",39.340588,-76.547188
"86",39.312963,-76.659237
"87",39.343497,-76.632103
"88",39.337348,-76.697852
"89",39.365705,-76.585395
"90",39.345515,-76.547785
"91",39.289539,-76.586639
"92",39.339002,-76.704802
"93",39.346827,-76.690427
"94",39.298514,-76.581586
"95",39.328728,-76.547028
"96",39.378564,-76.576336
"97",39.521691,-76.640991
"98",39.357638,-76.714838
"99",39.262417,-76.746617
"100",39.293067,-76.766533
"101",39.244793,-76.675593
"102",39.267927,-76.690173
"103",39.326291,-76.761191
"104",39.375748,-76.515948
"105",39.339841,-76.442941
"106",39.453429,-76.619371
"107",39.336925,-76.462675
"108",39.38293,-76.41643
"109",39.474993,-76.616207
"110",39.360963,-76.785937
"111",39.38555,-76.57965
"112",39.402468,-76.569768
"113",39.285053,-76.761353
"114",39.355334,-76.754866
"115",39.260644,-76.702756
"116",39.244771,-76.636471
"117",39.347402,-76.750998
"118",39.380632,-76.570232
"119",39.314367,-76.673733
"120",39.29717,-76.62923
"121",39.27985,-76.63475
"122",39.280183,-76.702483
"123",39.310321,-76.622921
"124",39.247575,-76.621125
"125",39.277077,-76.695777
"126",39.293448,-76.663948
"127",39.300051,-76.683051
"128",39.339972,-76.705772
"129",39.294411,-76.605111
"130",39.296291,-76.572209
"131",39.286244,-76.629444
"132",39.289093,-76.639807
"133",39.295137,-76.557963
"134",39.349238,-76.684762
"135",39.348582,-76.562582
"136",39.309879,-76.637379
"137",39.298837,-76.644763
"138",39.28754,-76.55356
"139",39.285137,-76.653363
"140",39.335385,-76.547215
"141",39.357884,-76.677184
"142",39.344908,-76.665008
"143",39.297339,-76.571939
"144",39.333059,-76.698059
"145",39.291455,-76.586755
"146",39.362022,-76.658978
"147",39.359827,-76.689227
"148",39.340674,-76.547326
"149",39.28591,-76.69701
"150",39.309992,-76.575508
"151",39.286764,-76.638836
"152",39.253313,-76.643013
"153",39.347761,-76.557139
"154",39.359986,-76.700886
"155",39.300049,-76.601051
"156",39.323522,-76.557178
"157",39.326052,-76.608052
"158",39.314245,-76.636245
"159",39.283977,-76.625823
"160",39.283929,-76.564671
"161",39.300265,-76.597265
"162",39.305105,-76.628695
"163",39.355267,-76.603267
"164",39.293284,-76.578084
"165",39.348473,-76.546373
"166",39.316069,-76.656031
"167",39.290136,-76.698836
"168",39.33644,-76.59526
"169",39.291452,-76.644652
"170",39.308684,-76.649084
"171",39.27689,-76.62121
"172",39.344813,-76.685613
"173",39.297865,-76.570465
"174",39.281972,-76.656972
"175",39.35446,-76.59196
"176",39.352162,-76.679738
"177",39.319683,-76.571083
"178",39.283607,-76.702093
"179",39.305583,-76.616583
"180",39.330456,-76.592656
"181",39.295004,-76.575396
"182",39.355675,-76.762225
"183",39.297055,-76.770055
"184",39.298489,-76.741189
"185",39.328612,-76.506912
"186",39.404404,-76.542896
"187",39.426812,-76.785412
"188",39.376098,-76.613598
"189",39.331467,-76.765967
"190",39.29944,-76.52376
"191",39.389943,-76.561957
"192",39.376795,-76.578795
"193",39.312288,-76.739488
"194",39.376759,-76.568141
"195",39.431355,-76.626055
"196",39.400292,-76.545108
"197",39.271809,-76.506309
"198",39.262999,-76.692101
"199",39.312489,-76.755389
"200",39.237727,-76.655627
"201",39.382442,-76.731442
"202",39.247063,-76.651063
"203",39.303428,-76.629528
"204",39.296886,-76.652786
"205",39.293421,-76.594321
"206",39.308215,-76.666815
"207",39.359406,-76.703894
"208",39.29752,-76.63922
"209",39.330052,-76.581948
"210",39.30255,-76.59055
"211",39.309208,-76.700708
"212",39.300418,-76.614682
"213",39.335286,-76.676986
"214",39.358972,-76.682172
"215",39.301916,-76.614016
"216",39.318755,-76.609755
"217",39.27086,-76.61286
"218",39.295599,-76.604901
"219",39.2648,-76.5625
"220",39.313057,-76.663657
"221",39.315866,-76.609134
"222",39.31248,-76.65062
"223",39.288983,-76.644283
"224",39.365828,-76.561628
"225",39.358037,-76.609263
"226",39.285897,-76.650797
"227",39.290537,-76.637363
"228",39.302954,-76.550254
"229",39.293397,-76.704403
"230",39.339027,-76.674073
"231",39.275608,-76.612292
"232",39.359007,-76.572207
"233",39.312413,-76.637487
"234",39.309817,-76.700283
"235",39.334032,-76.593868
"236",39.350517,-76.678583
"237",39.349494,-76.597994
"238",39.294638,-76.572962
"239",39.312739,-76.631039
"240",39.298571,-76.632029
"241",39.240952,-76.601052
"242",39.349188,-76.685888
"243",39.285471,-76.580671
"244",39.233161,-76.587139
"245",39.284186,-76.616214
"246",39.318018,-76.672582
"247",39.342035,-76.610335
"248",39.289233,-76.571433
"249",39.288343,-76.641743
"250",39.312616,-76.649016
"251",39.303568,-76.647032
"252",39.313501,-76.656501
"253",39.351998,-76.623798
"254",39.282453,-76.642253
"255",39.29015,-76.59395
"256",39.284303,-76.693997
"257",39.347918,-76.600582
"258",39.317779,-76.560021
"259",39.36219,-76.71351
"260",39.294666,-76.618966
"261",39.330721,-76.654279
"262",39.226765,-76.587435
"263",39.290169,-76.586831
"264",39.322673,-76.703027
"265",39.277146,-76.619946
"266",39.273977,-76.668223
"267",39.290997,-76.636897
"268",39.435901,-76.651899
"269",39.388708,-76.558792
"270",39.541568,-76.646832
"271",39.359092,-76.759392
"272",39.364187,-76.829813
"273",39.361311,-76.719311
"274",39.302624,-76.719876
"275",39.407346,-76.539746
"276",39.330441,-76.387559
"277",39.235741,-76.705559
"278",39.321215,-76.730915
"279",39.312421,-76.749779
"280",39.380237,-76.691337
"281",39.26215,-76.70045
"282",39.284806,-76.743894
"283",39.234903,-76.702597
"284",39.289509,-76.499209
"285",39.310743,-76.478643
"286",39.325781,-76.529681
"287",39.407433,-76.757067
"288",39.344756,-76.735044
"289",39.326351,-76.700949
"290",39.34815,-76.67935
"291",39.320681,-76.687881
"292",39.261806,-76.642994
"293",39.331901,-76.663901
"294",39.276773,-76.688827
"295",39.361728,-76.592372
"296",39.332891,-76.595409
"297",39.277277,-76.618123
"298",39.345085,-76.670915
"299",39.293432,-76.584368
"300",39.336366,-76.563766
"301",39.354025,-76.710975
"302",39.297528,-76.691872
"303",39.331846,-76.684654
"304",39.316602,-76.669098
"305",39.311316,-76.638184
"306",39.264164,-76.642536
"307",39.324101,-76.597001
"308",39.316089,-76.618989
"309",39.366235,-76.562765
"310",39.308269,-76.642931
"311",39.322394,-76.585206
"312",39.300996,-76.596904
"313",39.297863,-76.603337
"314",39.318995,-76.593105
"315",39.289465,-76.577565
"316",39.313157,-76.613143
"317",39.291787,-76.613587
"318",39.275445,-76.689845
"319",39.33815,-76.70515
"320",39.334824,-76.636724
"321",39.303301,-76.615299
"322",39.288956,-76.657356
"323",39.289078,-76.605322
"324",39.279784,-76.694984
"325",39.32838,-76.59032
"326",39.298557,-76.584057
"327",39.30959,-76.64901
"328",39.362381,-76.601519
"329",39.327761,-76.618361
"330",39.347357,-76.600743
"331",39.368057,-76.695557
"332",39.283524,-76.692724
"333",39.287231,-76.591869
"334",39.273446,-76.622354
"335",39.338155,-76.666145
"336",39.357628,-76.612328
"337",39.327436,-76.546636
"338",39.288548,-76.614052
"339",39.302232,-76.597432
"340",39.29185,-76.58575
"341",39.296735,-76.575065
"342",39.328055,-76.661055
"343",39.345608,-76.665392
"344",39.30863,-76.69793
"345",39.233066,-76.600566
"346",39.321143,-76.611643
"347",39.315803,-76.543397
"348",39.30535,-76.63745
"349",39.297438,-76.636362
"350",39.283278,-76.645378
"351",39.293359,-76.589759
"352",39.28805,-76.56585
"353",39.316579,-76.611179
"354",39.33018,-76.67472
"355",39.352824,-76.676524
"356",39.31405,-76.66725
"357",39.336455,-76.736555
"358",39.261637,-76.700137
"359",39.326901,-76.729599
"360",39.297027,-76.767527
"361",39.253714,-76.696114
"362",39.245221,-76.439821
"363",39.470256,-76.606656
"364",39.334726,-76.485426
"365",39.408132,-76.628368
"366",39.340876,-76.437376
"367",39.387227,-76.545273
"368",39.388065,-76.607435
"369",39.343767,-76.728733
"370",39.397885,-76.563985
"371",39.679955,-76.602955
"372",39.31228,-76.76728
"373",39.409642,-76.517442
"374",39.371385,-76.473715
"375",39.406658,-76.794058
"376",39.273155,-76.522045
"377",39.335939,-76.439161
"378",39.331419,-76.614381
"379",39.250396,-76.618504
"380",39.286358,-76.655858
"381",39.320101,-76.590601
"382",39.300085,-76.601915
"383",39.224883,-76.602117
"384",39.318317,-76.568883
"385",39.306219,-76.598319
"386",39.265095,-76.639195
"387",39.271094,-76.627594
"388",39.331013,-76.602313
"389",39.372288,-76.602988
"390",39.308592,-76.593892
"391",39.309296,-76.663996
"392",39.286355,-76.674345
"393",39.311234,-76.653434
"394",39.352754,-76.689346
"395",39.282651,-76.595949
"396",39.258838,-76.642462
"397",39.291104,-76.542896
"398",39.333531,-76.640631
"399",39.319256,-76.609056
"400",39.31238,-76.64332
"401",39.279514,-76.645586
"402",39.319199,-76.669801
"403",39.342932,-76.533368
"404",39.347274,-76.665626
"405",39.285918,-76.641682
"406",39.288143,-76.638957
"407",39.305548,-76.630252
"408",39.333382,-76.648118
"409",39.290469,-76.575331
"410",39.258373,-76.661727
"411",39.299705,-76.676895
"412",39.347781,-76.599519
"413",39.304458,-76.642842
"414",39.280217,-76.604983
"415",39.285444,-76.673044
"416",39.306348,-76.648552
"417",39.315958,-76.543242
"418",39.350878,-76.694778
"419",39.289784,-76.589716
"420",39.365192,-76.588192
"421",39.285196,-76.562596
"422",39.310386,-76.661714
"423",39.338373,-76.689027
"424",39.324402,-76.596302
"425",39.315787,-76.612113
"426",39.316559,-76.547959
"427",39.335149,-76.689051
"428",39.298104,-76.687196
"429",39.317693,-76.654893
"430",39.319716,-76.577084
"431",39.323823,-76.543023
"432",39.335879,-76.600879
"433",39.33016,-76.68896
"434",39.364545,-76.611945
"435",39.345251,-76.652851
"436",39.330621,-76.657179
"437",39.323012,-76.568488
"438",39.324058,-76.536442
"439",39.289549,-76.689349
"440",39.297364,-76.674036
"441",39.28329,-76.60199
"442",39.293027,-76.620673
"443",39.365587,-76.694813
"444",39.293689,-76.567589
"445",39.324642,-76.701342
"446",39.250074,-76.631874
"447",39.358293,-76.696393
"448",39.306088,-76.642012
"449",39.358675,-76.587475
"450",39.313872,-76.670328
"451",39.314971,-76.566329
"452",39.293737,-76.736237
"453",39.337022,-76.444578
"454",39.344263,-76.723337
"455",39.234101,-76.698001
"456",39.336633,-76.518733
"457",39.356838,-76.516938
"458",39.280022,-76.719322
"459",39.373889,-76.568089
"460",39.465594,-76.629906
"461",39.274426,-76.722826
"462",39.371944,-76.800344
"463",39.404445,-76.478945
"464",39.242227,-76.671873
"465",39.276564,-76.707636
"466",39.241591,-76.652209
"467",39.314509,-76.750191
"468",39.451114,-76.656086
"469",39.295846,-76.715046
"470",39.298598,-76.739298
"471",39.285039,-76.764439
"472",39.378295,-76.512695
"473",39.338158,-76.497258
"474",39.495646,-76.657146
"475",39.39605,-76.58555
"476",39.324374,-76.735274
"477",39.291152,-76.604852
"478",39.284812,-76.705412
"479",39.326344,-76.615356
"480",39.318938,-76.618038
"481",39.251695,-76.615295
"482",39.354597,-76.709097
"483",39.306859,-76.586041
"484",39.326934,-76.564134
"485",39.23314,-76.61004
"486",39.236714,-76.599214
"487",39.326271,-76.700571
"488",39.359803,-76.698797
"489",39.335772,-76.672328
"490",39.320541,-76.573441
"491",39.286904,-76.687504
"492",39.358175,-76.674425
"493",39.355873,-76.576027
"494",39.360115,-76.623915
"495",39.279455,-76.617055
"496",39.282962,-76.626238
"497",39.332224,-76.601424
"498",39.293546,-76.635054
"499",39.278344,-76.690856
"500",39.307413,-76.586487
"501",39.294822,-76.662822
"502",39.246775,-76.636475
"503",39.294983,-76.600983
"504",39.306124,-76.565624
"505",39.302407,-76.629307
"506",39.291226,-76.603026
"507",39.342834,-76.661666
"508",39.352592,-76.675908
"509",39.345847,-76.547053
"510",39.325287,-76.608587
"511",39.355212,-76.599412
"512",39.299163,-76.546963
"513",39.308646,-76.593646
"514",39.32334,-76.59524
"515",39.321644,-76.544344
"516",39.350011,-76.667789
"517",39.331627,-76.589573
"518",39.321465,-76.596335
"519",39.345239,-76.663139
"520",39.364698,-76.670598
"521",39.295153,-76.578847
"522",39.301704,-76.549196
"523",39.294813,-76.660613
"524",39.311871,-76.636129
"525",39.315604,-76.605804
"526",39.288167,-76.668433
"527",39.361597,-76.557197
"528",39.297756,-76.682444
"529",39.335673,-76.673573
"530",39.279756,-76.617044
"531",39.326296,-76.684804
"532",39.287332,-76.622368
"533",39.289776,-76.567724
"534",39.311779,-76.673679
"535",39.303344,-76.613256
"536",39.268137,-76.611863
"537",39.271726,-76.610374
"538",39.366175,-76.636775
"539",39.327114,-76.572986
"540",39.283872,-76.761772
"541",39.333278,-76.719522
"542",39.35111,-76.75851
"543",39.446164,-76.654336
"544",39.379726,-76.790974
"545",39.253539,-76.460061
"546",39.329816,-76.467984
"547",39.238749,-76.688649
"548",39.2615,-76.5213
"549",39.30952,-76.75508
"550",39.275882,-76.711082
"551",39.402024,-76.695324
"552",39.275113,-76.476613
"553",39.315688,-76.768412
"554",39.401651,-76.701651
"555",39.383945,-76.513655
"556",39.341439,-76.724239
"557",39.373383,-76.580517
"558",39.401718,-76.457118
"559",39.322813,-76.504987
"560",39.399174,-76.523174
"561",39.273634,-76.507666
"562",39.345031,-76.732469
"563",39.406695,-76.762195
"564",39.327649,-76.777951
"565",39.370852,-76.741452
"566",39.400532,-76.781932
"567",39.288905,-76.509005
"568",39.28286,-76.74774
"569",39.27745,-76.69515
"570",39.311936,-76.701764
"571",39.23136,-76.59186
"572",39.29981,-76.60151
"573",39.290577,-76.677177
"574",39.263757,-76.637857
"575",39.370142,-76.560642
"576",39.31386,-76.61736
"577",39.365371,-76.600229
"578",39.370709,-76.711809
"579",39.298649,-76.684849
"580",39.34389,-76.58941
"581",39.255198,-76.648502
"582",39.353858,-76.581342
"583",39.325949,-76.607051
"584",39.300869,-76.682731
"585",39.323183,-76.572117
"586",39.2398,-76.5994
"587",39.301991,-76.583191
"588",39.283594,-76.689694
"589",39.285202,-76.649898
"590",39.287457,-76.608457
"591",39.320405,-76.656495
"592",39.33649,-76.57399
"593",39.294199,-76.594701
"594",39.333155,-76.626745
"595",39.259491,-76.662509
"596",39.26915,-76.64955
"597",39.295842,-76.605458
"598",39.362173,-76.557627
"599",39.312264,-76.641764
"600",39.303178,-76.607022
"601",39.332468,-76.669632
"602",39.34804,-76.54626
"603",39.307675,-76.632675
"604",39.316336,-76.612664
"605",39.324936,-76.680264
"606",39.314003,-76.671697
"607",39.309202,-76.595998
"608",39.30142,-76.62272
"609",39.325622,-76.567978
"610",39.351824,-76.668824
"611",39.301343,-76.642843
"612",39.2946,-76.668
"613",39.321192,-76.607892
"614",39.325295,-76.653205
"615",39.236426,-76.604726
"616",39.28137,-76.58903
"617",39.33632,-76.64188
"618",39.356024,-76.582424
"619",39.238643,-76.604157
"620",39.348789,-76.590189
"621",39.275223,-76.691023
"622",39.342688,-76.639412
"623",39.28778,-76.65798
"624",39.300274,-76.599026
"625",39.325254,-76.671346
"626",39.288221,-76.611179
"627",39.283579,-76.564379
"628",39.356198,-76.593102
"629",39.287008,-76.634292
"630",39.33795,-76.59395
"631",39.288711,-76.603011
"632",39.369293,-76.580607
"633",39.331108,-76.543508
"634",39.314683,-76.688617
"635",39.369561,-76.661139
"636",39.270763,-76.654963
"637",39.285692,-76.677892
"638",39.275008,-76.693008
"639",39.28487,-76.69577
"640",39.324761,-76.572461
"641",39.292254,-76.630354
"642",39.352493,-76.597107
"643",39.35409,-76.60379
"644",39.286376,-76.628076
"645",39.336196,-76.657096
"646",39.29632,-76.68158
"647",39.333129,-76.598571
"648",39.336173,-76.571127
"649",39.32942,-76.55492
"650",39.373038,-76.762862
"651",39.262057,-76.704243
"652",39.238717,-76.694383
"653",39.285091,-76.512509
"654",39.261415,-76.487985
"655",39.268165,-76.492835
"656",39.378469,-76.801331
"657",39.247933,-76.446433
"658",39.33788,-76.73548
"659",39.251816,-76.516216
"660",39.241461,-76.709661
"661",39.35474,-76.49854
"662",39.327385,-76.761285
"663",39.363814,-76.514314
"664",39.378848,-76.538652
"665",39.393952,-76.579348
"666",39.359285,-76.784015
"667",39.305604,-76.762996
"668",39.239947,-76.640747
"669",39.435532,-76.801068
"670",39.288778,-76.732678
"671",39.371857,-76.731443
"672",39.404829,-76.655471
"673",39.495852,-76.657352
"674",39.238011,-76.635411
"675",39.460651,-76.610951
"676",39.298075,-76.686225
"677",39.333572,-76.698572
"678",39.344167,-76.591433
"679",39.296024,-76.586724
"680",39.295344,-76.690044
"681",39.296324,-76.658824
"682",39.297523,-76.564423
"683",39.288002,-76.621802
"684",39.302404,-76.626404
"685",39.32737,-76.56177
"686",39.29355,-76.63475
"687",39.294274,-76.575674
"688",39.296386,-76.616314
"689",39.326648,-76.558948
"690",39.333826,-76.672174
"691",39.307686,-76.622914
"692",39.282127,-76.669927
"693",39.314376,-76.620324
"694",39.29818,-76.61218
"695",39.31634,-76.65476
"696",39.291155,-76.603555
"697",39.296099,-76.612001
"698",39.286757,-76.634043
"699",39.285979,-76.615379
"700",39.297825,-76.656025
"701",39.300412,-76.578312
"702",39.290874,-76.624126
"703",39.333701,-76.618701
"704",39.295777,-76.568423
"705",39.30493,-76.62367
"706",39.280237,-76.674963
"707",39.270917,-76.661183
"708",39.333398,-76.693098
"709",39.353215,-76.589585
"710",39.280333,-76.535333
"711",39.282611,-76.617311
"712",39.270455,-76.612155
"713",39.262702,-76.663802
"714",39.328458,-76.566458
"715",39.356019,-76.686281
"716",39.330693,-76.598293
"717",39.357336,-76.690464
"718",39.363205,-76.551895
"719",39.28483,-76.62133
"720",39.251709,-76.651691
"721",39.288866,-76.571866
"722",39.323835,-76.613565
"723",39.352535,-76.666935
"724",39.310913,-76.618313
"725",39.309007,-76.578207
"726",39.309333,-76.675667
"727",39.295991,-76.600991
"728",39.324556,-76.585356
"729",39.357488,-76.584812
"730",39.305353,-76.541253
"731",39.330817,-76.595417
"732",39.337993,-76.629693
"733",39.2997,-76.6849
"734",39.298725,-76.667475
"735",39.342173,-76.569727
"736",39.35421,-76.70351
"737",39.28228,-76.62308
"738",39.291225,-76.695025
"739",39.341515,-76.592285
"740",39.366941,-76.571441
"741",39.334415,-76.526585
"742",39.398114,-76.559514
"743",39.333951,-76.458251
"744",39.334141,-76.443659
"745",39.380778,-76.461122
"746",39.3092,-76.7557
"747",39.38511,-76.51201
"748",39.451293,-76.616607
"749",39.38539,-76.58599
"750",39.287552,-76.729348
"751",39.452466,-76.622666
"752",39.373495,-76.588605
"753",39.410079,-76.631921
"754",39.303914,-76.442086
"755",39.349892,-76.713308
"756",39.403647,-76.786747
"757",39.324918,-76.763282
"758",39.340121,-76.485079
"759",39.283288,-76.426512
"760",39.283179,-76.646179
"761",39.325512,-76.627888
"762",39.2933,-76.6079
"763",39.356591,-76.680191
"764",39.326349,-76.567251
"765",39.276678,-76.653178
"766",39.311407,-76.666993
"767",39.358881,-76.538819
"768",39.317965,-76.611735
"769",39.236204,-76.604504
"770",39.31218,-76.58848
"771",39.322719,-76.679681
"772",39.297652,-76.574948
"773",39.322192,-76.599208
"774",39.336871,-76.592971
"775",39.299901,-76.555799
"776",39.311737,-76.665063
"777",39.301508,-76.652892
"778",39.294396,-76.626696
"779",39.305248,-76.535548
"780",39.329,-76.6262
"781",39.280022,-76.702378
"782",39.332153,-76.559947
"783",39.334945,-76.635955
"784",39.337054,-76.675354
"785",39.281896,-76.645596
"786",39.347405,-76.655195
"787",39.350248,-76.536052
"788",39.357033,-76.594233
"789",39.296692,-76.706308
"790",39.358094,-76.666006
"791",39.302941,-76.641041
"792",39.28687,-76.64163
"793",39.300536,-76.661536
"794",39.282775,-76.640225
"795",39.300199,-76.573099
"796",39.324596,-76.595504
"797",39.337462,-76.701262
"798",39.361557,-76.581057
"799",39.284629,-76.593071
"800",39.289713,-76.589787
"801",39.290482,-76.640418
"802",39.320791,-76.555391
"803",39.367295,-76.596595
"804",39.333783,-76.632017
"805",39.341175,-76.694875
"806",39.292663,-76.576863
"807",39.298393,-76.687793
"808",39.267095,-76.664295
"809",39.276821,-76.611179
"810",39.285632,-76.583832
"811",39.325152,-76.606848
"812",39.275458,-76.622542
"813",39.236633,-76.599767
"814",39.295631,-76.576569
"815",39.233471,-76.446029
"816",39.33568,-76.51978
"817",39.378826,-76.681674
"818",39.354226,-76.468226
"819",39.319264,-76.727964
"820",39.340903,-76.447397
"821",39.41186,-76.63444
"822",39.331694,-76.482394
"823",39.389111,-76.684311
"824",39.338238,-76.437762
"825",39.293227,-76.447873
"826",39.274661,-76.718939
"827",39.313984,-76.448716
"828",39.440876,-76.627824
"829",39.382534,-76.566966
"830",39.465196,-76.619396
"831",39.289785,-76.744885
"832",39.340658,-76.455242
"833",39.264151,-76.765849
"834",39.281683,-76.746583
"835",39.311774,-76.585426
"836",39.338153,-76.704553
"837",39.280763,-76.696037
"838",39.335759,-76.528659
"839",39.296142,-76.624958
"840",39.351914,-76.543114
"841",39.314255,-76.651555
"842",39.346568,-76.572332
"843",39.347873,-76.670227
"844",39.31709,-76.65819
"845",39.298341,-76.581241
"846",39.287688,-76.611012
"847",39.282306,-76.655106
"848",39.289076,-76.600524
"849",39.354213,-76.695213
"850",39.317986,-76.674014
"851",39.302541,-76.657341
"852",39.300232,-76.628868
"853",39.34403,-76.67673
"854",39.307554,-76.612854
"855",39.302699,-76.685099
"856",39.31799,-76.60661
"857",39.317313,-76.614487
"858",39.337732,-76.611032
"859",39.317304,-76.597604
"860",39.284167,-76.684133
"861",39.326677,-76.595223
"862",39.353346,-76.587846
"863",39.294709,-76.644691
"864",39.347185,-76.633915
"865",39.320831,-76.627131
"866",39.236372,-76.613272
"867",39.298863,-76.601037
"868",39.28019,-76.54549
"869",39.331862,-76.694962
"870",39.290173,-76.610273
"871",39.226495,-76.585205
"872",39.260665,-76.664635
"873",39.357302,-76.663202
"874",39.368448,-76.616248
"875",39.337196,-76.593404
"876",39.362736,-76.673564
"877",39.260362,-76.646962
"878",39.269372,-76.650672
"879",39.348615,-76.577285
"880",39.232979,-76.593079
"881",39.279761,-76.615361
"882",39.365944,-76.614556
"883",39.279078,-76.694278
"884",39.320888,-76.562788
"885",39.311599,-76.641401
"886",39.230565,-76.590965
"887",39.285853,-76.666847
"888",39.342983,-76.565483
"889",39.339534,-76.641066
"890",39.335515,-76.615885
"891",39.322557,-76.603443
"892",39.320829,-76.561071
"893",39.378906,-76.567594
"894",39.443354,-76.655146
"895",39.324711,-76.452189
"896",39.302504,-76.447004
"897",39.278311,-76.744589
"898",39.378361,-76.809639
"899",39.284771,-76.750029
"900",39.383288,-76.671312
"901",39.263239,-76.695561
"902",39.310591,-76.754109
"903",39.237942,-76.708742
"904",39.356351,-76.754451
"905",39.265853,-76.497453
"906",39.312021,-76.750179
"907",39.306795,-76.458695
"908",39.373104,-76.470004
"909",39.400472,-76.756028
"910",39.282587,-76.635013
"911",39.310739,-76.572539
"912",39.287618,-76.603618
"913",39.329105,-76.595305
"914",39.304622,-76.642078
"915",39.249581,-76.630581
"916",39.279774,-76.698474
"917",39.289007,-76.610893
"918",39.324258,-76.616442
"919",39.369221,-76.708621
"920",39.299228,-76.610272
"921",39.285881,-76.612919
"922",39.294051,-76.648151
"923",39.32252,-76.66658
"924",39.350342,-76.690242
"925",39.327796,-76.597996
"926",39.331443,-76.700643
"927",39.2859,-76.6312
"928",39.33138,-76.61488
"929",39.289489,-76.619089
"930",39.317143,-76.578857
"931",39.334938,-76.587538
"932",39.314515,-76.604385
"933",39.316871,-76.587571
"934",39.27049,-76.69289
"935",39.363378,-76.701278
"936",39.310263,-76.661963
"937",39.302126,-76.671026
"938",39.272036,-76.608264
"939",39.311729,-76.614529
"940",39.313877,-76.626223
"941",39.275666,-76.640534
"942",39.331189,-76.601111
"943",39.348383,-76.537917
"944",39.299191,-76.618109
"945",39.294689,-76.652911
"946",39.318828,-76.661028
"947",39.334839,-76.632539
"948",39.3228,-76.6644
"949",39.342901,-76.679299
"950",39.331182,-76.690282
"951",39.366854,-76.583254
"952",39.297678,-76.683078
"953",39.291814,-76.678914
"954",39.3308,-76.672
"955",39.317212,-76.615088
"956",39.280138,-76.545338
"957",39.330662,-76.599638
"958",39.270624,-76.653324
"959",39.335387,-76.662213
"960",39.326465,-76.545665
"961",39.302763,-76.664563
"962",39.370794,-76.682894
"963",39.352272,-76.561528
"964",39.268724,-76.675524
"965",39.366058,-76.661442
"966",39.235393,-76.607093
"967",39.278611,-76.572189
"968",39.30453,-76.71427
"969",39.238966,-76.692634
"970",39.33003,-76.76303
"971",39.384188,-76.680512
"972",39.253635,-76.658665
"973",39.393408,-76.571908
"974",39.380938,-76.394862
"975",39.3758,-76.6184
"976",39.257839,-76.663461
"977",39.317486,-76.751986
"978",39.242623,-76.683477
"979",39.322091,-76.452009
"980",39.345704,-76.531104
"981",39.236727,-76.651527
"982",39.389714,-76.823886
"983",39.328624,-76.494824
"984",39.240914,-76.692686
"985",39.252187,-76.660887
"986",39.442578,-76.626578
"987",39.298283,-76.712783
"988",39.357984,-76.763784
"989",39.318694,-76.588694
"990",39.292064,-76.620036
"991",39.359248,-76.578652
"992",39.287556,-76.585256
"993",39.306014,-76.654514
"994",39.367766,-76.583566
"995",39.284776,-76.638824
"996",39.342927,-76.691527
"997",39.274027,-76.538373
"998",39.315417,-76.667183
"999",39.317957,-76.679343
"1000",39.304309,-76.706791
"1001",39.270678,-76.662678
"1002",39.358817,-76.706983
"1003",39.350048,-76.588852
"1004",39.269481,-76.676219
"1005",39.291707,-76.609507
"1006",39.358232,-76.582768
"1007",39.272301,-76.646099
"1008",39.351327,-76.597973
"1009",39.301893,-76.548707
"1010",39.282504,-76.705804
"1011",39.291332,-76.599368
"1012",39.289429,-76.668471
"1013",39.316984,-76.643316
"1014",39.279218,-76.658582
"1015",39.282768,-76.571032
"1016",39.287888,-76.642212
"1017",39.312788,-76.632412
"1018",39.28848,-76.64428
"1019",39.255569,-76.531831
"1020",39.254389,-76.635311
"1021",39.29773,-76.65047
"1022",39.320866,-76.689966
"1023",39.325142,-76.658558
"1024",39.366182,-76.580518
"1025",39.295907,-76.632407
"1026",39.324444,-76.589956
"1027",39.323013,-76.532713
"1028",39.225135,-76.589035
"1029",39.281838,-76.681762
"1030",39.356647,-76.557853
"1031",39.2884,-76.6248
"1032",39.312728,-76.660328
"1033",39.302745,-76.666345
"1034",39.364875,-76.578725
"1035",39.341666,-76.552834
"1036",39.284493,-76.678493
"1037",39.280747,-76.652053
"1038",39.359965,-76.606735
"1039",39.317018,-76.572818
"1040",39.313277,-76.611423
"1041",39.303851,-76.667351
"1042",39.256341,-76.650941
"1043",39.330861,-76.567261
"1044",39.352632,-76.629268
"1045",39.313524,-76.598676
"1046",39.282058,-76.593058
"1047",39.322688,-76.574312
"1048",39.29726,-76.68664
"1049",39.363027,-76.612527
"1050",39.284537,-76.628437
"1051",39.327572,-76.636572
"1052",39.35205,-76.56065
"1053",39.31498,-76.59742
"1054",39.274634,-76.698866
"1055",39.290114,-76.617114
"1056",39.344299,-76.690199
"1057",39.362071,-76.562571
"1058",39.346175,-76.635275
"1059",39.330808,-76.684692
"1060",39.306462,-76.638238
"1061",39.282496,-76.593096
